zone_id,zone_name,total_area_km2,wetland_area_km2,wetland_fraction_pct,t_air_wetland_c,ndvi_wetland,xch4_wetland_ppb,xch4_nonwetland_ppb,delta_ch4_ppb
1,Tundra,299622.88344149274,69155.36719662219,23.080802908742495,5.467063223138795,0.3651622697928298,1861.0463497039952,1861.3511701444363,-0.3048204404410626
2,Forest-tundra,127458.27548597846,76601.54093551259,60.09930751333557,7.375840094022177,0.45260781443693693,1856.2253071508635,1852.3318442628206,3.8934628880429045
3,Northern taiga,331294.60479979945,136446.0523245279,41.185715175465035,8.774735148371237,0.5163827803557068,1856.650251070297,1848.6350567317177,8.01519433857925
4,Middle taiga,852795.3637860055,243384.10002404283,28.539566507905633,11.046526726821144,0.6019102534250663,1860.2130777470202,1849.2934124527,10.919665294320112
5,Southern taiga,466502.2260675921,82765.49395994084,17.741714687541243,12.740665979526668,0.6353234322820284,1861.7790103636114,1849.3561645269283,12.42284583668311
6,Subtaiga,135115.19978088996,23576.275299147677,17.449017828771467,13.26651412831475,0.610493513286374,1865.6519694937695,1857.2281885611833,8.423780932586169
7,Forest-steppe,380186.4843484384,31910.976524616555,8.393506302388792,13.976319676290718,0.5884042485282763,1871.1751286642116,1872.9224701738644,-1.7473415096528697
8,Steppe,324821.18539984286,9366.036848870466,2.883443959279079,15.88885234621447,0.5345272745454794,1879.646654650251,1884.287428368647,-4.640773718395849
