zone_id,zone_name,total_area_km2,wetland_area_km2,wetland_fraction_pct,t_air_wetland_c,ndvi_wetland,xch4_wetland_ppb,xch4_nonwetland_ppb,delta_ch4_ppb,emission_tg
1,Tundra,299622.88344149274,69155.3671966222,23.080802908742502,5.467063223138795,0.3651622697928297,1861.046349703995,1861.3511701444363,-0.30482044044129,0.9067098503883532
2,Forest-tundra,127458.27548597848,76601.54093551257,60.099307513335546,7.375840094022177,0.45260781443693665,1856.2253071508635,1852.3318442628206,3.8934628880429045,1.0043381235136926
3,Northern taiga,331294.6047997994,136446.05232452787,41.185715175465035,8.774735148371239,0.5163827803557075,1856.6502510702971,1848.6350567317177,8.015194338579477,1.78897148123735
4,Middle taiga,852795.3637860054,243384.10002404285,28.53956650790564,11.046526726821144,0.6019102534250667,1860.2130777470202,1849.2934124527,10.919665294320112,3.191057612235231
5,Southern taiga,466502.2260675921,82765.4939599408,17.741714687541233,12.740665979526668,0.6353234322820286,1861.7790103636114,1849.3561645269283,12.42284583668311,1.0851549444075757
6,Subtaiga,135115.19978089,23576.275299147666,17.449017828771456,13.26651412831475,0.6104935132863744,1865.6519694937695,1857.2281885611833,8.423780932586169,0.3091132607021849
7,Forest-steppe,380186.4843484385,31910.976524616555,8.39350630238879,13.976319676290718,0.5884042485282764,1871.1751286642116,1872.922470173864,-1.747341509652415,0.41839119540955255
8,Steppe,324821.1853998429,9366.036848870466,2.8834439592790786,15.88885234621447,0.5345272745454792,1879.646654650251,1884.287428368647,-4.640773718395849,0.12279998233291045
